<modification>
    <name>Collector Checkout</name>
    <code>collector</code>
    <version>1.0.1</version>
    <author>AAIT</author>
    <link>https://aait.se/</link>
    <file path="catalog/controller/checkout/checkout.php">
        <operation>
            <search><![CDATA[
            $products = $this->cart->getProducts();
            ]]></search>
            <add position="before" offset="-1"><![CDATA[
            // Collector Checkout
            $this->load->model('setting/setting');
            $store_id = $this->config->get('config_store_id');
            $settings = $this->model_setting_setting->getSetting('collector', $store_id);
            if ($settings['collector_status']) {
                $this->response->redirect($this->url->link('checkout/collector'));
                return;
            }
            ]]></add>
        </operation>
    </file>

    <file path="admin/controller/sale/order.php">
        <operation>
            <search><![CDATA[
            $this->response->setOutput($this->load->view('sale/order_info
            ]]></search>
            <add position="before"><![CDATA[
            $this->load->model('collector/payments');
            $payment = $this->model_collector_payments->getByOrderId($order_id);
            if ($payment) {
                $data['collector'] = $payment;
                $data['collector']['action'] = html_entity_decode($this->url->link('collector/action', 'token=' . $this->session->data['token'], true));

                $info = json_decode($payment['info'], true);
                $data['collector']['items'] = [];
                foreach ($info['data']['order']['items'] as $item) {
                    $data['collector']['items'][] = [
                        'name' => $item['description'],
                        'unit_price' => $item['unitPrice'],
                        'qty' => $item['quantity'],
                        'vat' => $item['vat']
                    ];
                }
            }
            ]]></add>
        </operation>
    </file>

    <file path="admin/view/template/sale/order_info.tpl">
        <operation>
            <search trim="true"><![CDATA[
            <h3 class="panel-title"><i class="fa fa-comment-o"></i> <?php echo $text_history; ?></h3>
            ]]></search>
            <add position="before" offset="2"><![CDATA[
      <?php if (isset($collector)): ?>
      <div class="panel panel-default">
          <div class="panel-heading">
              <h3 class="panel-title"><i class="fa fa-shopping-cart"></i> Collector</h3>
          </div>
          <div class="panel-body">
              <table class="table">
                  <tbody>
                  <tr>
                      <td style="width: 10%;">
                          <strong>Payment Method</strong>
                      </td>
                      <td>
                          <?php echo $collector['paymentName']; ?>
                      </td>
                  </tr>
                  <tr>
                      <td style="width: 10%;">
                          <strong>Collector Order Status</strong>
                      </td>
                      <td>
                          <?php echo $collector['status']; ?>
                      </td>
                  </tr>
                  <tr>
                      <td style="width: 10%;">
                          <strong>Purchase Id</strong>
                      </td>
                      <td>
                          <?php echo $collector['purchaseIdentifier']; ?>
                      </td>
                  </tr>
                  <tr>
                      <td style="width: 10%;">
                          <strong>Purchase Status</strong>
                      </td>
                      <td>
                          <?php echo $collector['purchaseStatus']; ?>
                      </td>
                  </tr>
                  <tr>
                      <td style="width: 10%;">
                          &nbsp;
                      </td>
                      <td>
                          <?php if ($collector['purchaseStatus'] === 'Preliminary' && !$collector['activated'] && !$collector['canceled']): ?>
                          <button data-id="<?php echo $collector['id']; ?>" data-action="activate" class="collector-action btn">Activate</button>
                          <?php endif; ?>
                          <?php if (!$collector['activated'] && !$collector['canceled']): ?>
                          <button data-id="<?php echo $collector['id']; ?>" data-action="cancel" class="collector-action btn">Cancel</button>
                          <?php endif; ?>
                          <?php if ($collector['activated'] && !$collector['credited']): ?>
                          <button data-id="<?php echo $collector['id']; ?>" data-action="credit" class="collector-action btn">Credit</button>
                          <?php endif; ?>
                          <?php if (in_array($collector['paymentName'], ['Invoice', 'DirectInvoice']) && !$collector['canceled'] && !$collector['credited']):?>
                            <?php if ($collector['activated']): ?>
                                <button data-id="<?php echo $collector['id']; ?>" data-action="send" class="collector-action btn">Send Invoice again</button>
                            <?php endif; ?>
                            <?php if ($collector['activated'] && !$collector['extended']): ?>
                                <button data-id="<?php echo $collector['id']; ?>" data-action="extend" class="collector-action btn">Extend Due Date</button>
                            <?php endif; ?>
                          <?php endif; ?>
                      </td>
                  </tr>
                  </tbody>
              </table>
          </div>
      </div>
      <script>
          jQuery(document).ready(function($) {
              $(document).on('click', '.collector-action', function(e) {
                  var el = $(e.currentTarget),
                      id = el.data('id'),
                      action = el.data('action');

                  el.prop('disabled', true);

                  $.ajax({
                      url: '<?php echo $collector['action']; ?>',
                      method: 'post',
                      dataType: 'json',
                      data: {
                          action: action,
                          id: id
                      }
                  }).always(function () {
                      el.prop('disabled', false);
                  }).done(function (response) {
                      if (response.success) {
                          self.location.href = location.href;
                      } else {
                          alert(response.message)
                      }
                  });
              });
          });
      </script>
      <?php endif; ?>
            ]]></add>
        </operation>
    </file>

    <file path="admin/view/template/sale/order_info.tpl">
        <operation>
            <search trim="true"><![CDATA[
            <td class="text-left"><?php echo $shipping_address; ?></td>
            ]]></search>
            <add position="after" offset="4"><![CDATA[
          <?php if (isset($collector) && isset($collector['items'])): ?>
              <table class="table table-bordered">
                  <thead>
                  <tr>
                      <td class="text-left">Product</td>
                      <td class="text-right">Quantity</td>
                      <td class="text-right">Unit Price</td>
                      <td class="text-right">Total</td>
                      <td class="text-right">VAT Rate</td>
                  </tr>
                  </thead>
                  <tbody>
                  <?php foreach ($collector['items'] as $item): ?>
                  <tr>
                      <td class="text-left">
                          <?php echo $item['name']; ?>
                      </td>
                      <td class="text-right">
                          <?php echo $item['qty']; ?>
                      </td>
                      <td class="text-right">
                          <?php echo $item['unit_price']; ?>
                      </td>
                      <td class="text-right">
                          <?php echo $item['unit_price'] * $item['qty']; ?>
                      </td>
                      <td class="text-right">
                          <?php echo $item['vat']; ?>
                      </td>
                  </tr>
                  <?php endforeach; ?>
                  </tbody>
              </table>
          <?php else: ?>
            ]]></add>
        </operation>
    </file>

    <file path="admin/view/template/sale/order_info.tpl">
        <operation>
            <search trim="true"><![CDATA[
            <?php if ($comment) { ?>
            ]]></search>
            <add position="before"><![CDATA[
          <?php endif; ?>
            ]]></add>
        </operation>
    </file>
</modification>
